batch_size,seq_len,head_dim,dtype,status,first_call_ms,forward_mean_ms,forward_std_ms,backward_mean_ms,backward_std_ms,baseline_memory_gb,memory_before_backward_gb,saved_for_backward_gb,peak_memory_gb
8,256,16,bfloat16,OK,2314.575172960758,0.14980357140302658,0.008307578778409673,0.2639108896255493,0.009557225404355716,0.01617431640625,0.0172119140625,0.00103759765625,0.01824951171875
8,256,32,bfloat16,OK,482.9268082976341,0.1516067236661911,0.006523441729692566,0.27158912271261215,0.021865416271212017,0.01641845703125,0.01751708984375,0.0010986328125,0.01861572265625
8,256,64,bfloat16,OK,55.78751116991043,0.15025682747364044,0.00671589602395232,0.39529725909233093,0.01752965037709217,0.01690673828125,0.01812744140625,0.001220703125,0.01934814453125
8,256,128,bfloat16,OK,487.5157065689564,0.15368148684501648,0.008590732510635982,0.2639416977763176,0.010604532296569512,0.01788330078125,0.01934814453125,0.00146484375,0.02081298828125
8,1024,16,bfloat16,OK,504.40146401524544,0.15307459980249405,0.006864943404923126,0.23129954934120178,0.012805042482502457,0.017822265625,0.03369140625,0.015869140625,0.049560546875
8,1024,32,bfloat16,OK,489.4559122622013,0.1555023342370987,0.007738618689503268,0.27308031916618347,0.009174416052716157,0.018798828125,0.034912109375,0.01611328125,0.051025390625
8,1024,64,bfloat16,OK,57.2299063205719,0.14930356293916702,0.006471961364750387,0.40278196334838867,0.01492414701937757,0.020751953125,0.037353515625,0.0166015625,0.053955078125
8,1024,128,bfloat16,OK,470.6414081156254,0.15590522438287735,0.005495518302364514,0.4611112177371979,0.07373260012574029,0.024658203125,0.042236328125,0.017578125,0.059814453125
8,4096,16,bfloat16,OK,583.5174098610878,1.4053962007164955,0.005203300038283911,2.55060400813818,0.05884309539074051,0.035400390625,0.286376953125,0.2509765625,0.537353515625
8,4096,32,bfloat16,OK,603.6671623587608,1.4127270132303238,0.007063190634474684,2.509559690952301,0.07263406729289301,0.039306640625,0.291259765625,0.251953125,0.543212890625
8,4096,64,bfloat16,OK,526.6063995659351,1.4465899392962456,0.005628905869956602,2.582278363406658,0.06087977615374023,0.047119140625,0.301025390625,0.25390625,0.554931640625
8,4096,128,bfloat16,OK,555.4983429610729,1.4816566184163094,0.007271102975433364,2.6923761516809464,0.04670479803667754,0.062744140625,0.320556640625,0.2578125,0.578369140625
8,8192,16,bfloat16,OK,605.2741706371307,5.401242263615131,0.007966860440559324,9.323037341237068,0.023087100713257355,0.086181640625,1.088134765625,1.001953125,2.090087890625
8,8192,32,bfloat16,OK,569.8464922606945,5.420231558382511,0.008654555097476707,9.359586238861084,0.022297495631288466,0.093994140625,1.097900390625,1.00390625,2.101806640625
8,8192,64,bfloat16,OK,570.869404822588,5.453692302107811,0.0102050872897778,9.425009489059448,0.021978121060355637,0.109619140625,1.117431640625,1.0078125,2.125244140625
8,8192,128,bfloat16,OK,576.5911377966404,5.833956189453602,0.00657374465475416,10.125285610556602,0.03416660446267094,0.140869140625,1.156494140625,1.015625,2.172119140625
8,16384,16,bfloat16,OK,604.709081351757,21.130317077040672,0.026660317476644445,35.244769528508186,0.03617289555278444,0.281494140625,4.285400390625,4.00390625,8.289306640625
8,16384,32,bfloat16,OK,558.8713586330414,21.220321282744408,0.033848365808543716,35.381999872624874,0.3642002032683346,0.297119140625,4.304931640625,4.0078125,8.312744140625
8,16384,64,bfloat16,OK,565.4995366930962,21.278931125998497,0.01595103210956919,35.52169814705849,0.0417951197221888,0.328369140625,4.343994140625,4.015625,8.359619140625
8,16384,128,bfloat16,OK,468.99858862161636,22.021171413362026,0.01470023010895252,36.82997018098831,0.029874741979467677,0.390869140625,4.422119140625,4.03125,8.453369140625
